{
    "$schema": "https://schema.management.azure.com/schemas/2015-01-01/deploymentParameters.json#",
    "contentVersion": "1.0.0.0",
    "parameters": {
        "subscriptionId": {
            "value": "5c96f086-5467-43b5-b45e-f23b77b5b80e"
        },
        "name": {
            "value": "MyKd"
        },
        "location": {
            "value": "East US"
        },
        "hostingPlanName": {
            "value": "ASP-MyKd-87ae"
        },
        "serverFarmResourceGroup": {
            "value": "MyKd"
        },
        "alwaysOn": {
            "value": false
        },
        "ftpsState": {
            "value": "FtpsOnly"
        },
        "sku": {
            "value": "Free"
        },
        "skuCode": {
            "value": "F1"
        },
        "numberOfWorkers": {
            "value": "1"
        },
        "workerSize": {
            "value": "0"
        },
        "workerSizeId": {
            "value": "0"
        },
        "currentStack": {
            "value": "dotnet"
        },
        "phpVersion": {
            "value": "OFF"
        },
        "netFrameworkVersion": {
            "value": "v6.0"
        },
        "repoUrl": {
            "value": "https://github.com/DonovanZeanah/Kingdom"
        },
        "branch": {
            "value": "master"
        }
    }
}